keys,en,pt_BR
GT_FORM,"Form","Forma"
GT_ESSENCE,"Essence","Essência"
GT_INFLECTION,"Inflection","Inflexão"
GT_LINK,"Link","Elo"
GT_FORM_HINT,"the noun — what the spell is","o substantivo — o que o feitiço é"
GT_ESSENCE_HINT,"the adjective — what it is made of","o adjetivo — do que é feito"
GT_INFLECTION_HINT,"the adverb — how it behaves","o advérbio — como se comporta"
GT_LINK_HINT,"the conjunction — what it awakens","a conjunção — o que desperta"
G_BOLT,"Bolt","Dardo"
G_BOLT_DESC,"A fast, precise projectile.","Projétil rápido e preciso."
G_ORB,"Orb","Orbe"
G_ORB_DESC,"A slow sphere that passes through foes, dealing damage over time.","Esfera lenta que atravessa inimigos causando dano contínuo."
G_NOVA,"Nova","Nova"
G_NOVA_DESC,"A circular burst around the caster.","Explosão circular ao redor do conjurador."
G_LANCE,"Lance","Lança"
G_LANCE_DESC,"An instant line that pierces everything in its path.","Linha instantânea que perfura tudo no caminho."
G_WAVE,"Wave","Onda"
G_WAVE_DESC,"An advancing crescent that pushes and passes through.","Crescente que avança, empurra e atravessa."
G_RAIN,"Rain","Chuva"
G_RAIN_DESC,"Impacts fall over the targeted area.","Impactos caem sobre a área mirada."
G_ORBIT,"Satellites","Satélites"
G_ORBIT_DESC,"Orbs circle around the caster.","Orbes giram ao redor do conjurador."
G_MINE,"Rune","Runa"
G_MINE_DESC,"A trap that detonates when a foe steps on it.","Armadilha que detona quando um inimigo pisa nela."
G_CHAKRAM,"Chakram","Chakram"
G_CHAKRAM_DESC,"A disc that flies out and returns, cutting through foes.","Disco que vai e volta atravessando inimigos."
G_METEOR,"Meteor","Meteoro"
G_METEOR_DESC,"After a moment, a massive impact strikes the target.","Após um instante, um impacto enorme atinge o alvo."
G_VORTEX,"Vortex","Vórtice"
G_VORTEX_DESC,"A singularity that pulls in and grinds foes.","Singularidade que puxa e tritura inimigos."
G_TOTEM,"Sentinel","Sentinela"
G_TOTEM_DESC,"A pillar that fires at the nearest foe on its own.","Pilar que dispara sozinho no inimigo mais próximo."
G_SERPENT,"Serpent","Serpente"
G_SERPENT_DESC,"A winding chain that hunts foes.","Corrente sinuosa que persegue inimigos."
G_BLINK,"Step","Passo"
G_BLINK_DESC,"Teleports the caster forward, wounding on arrival.","Teleporta o conjurador adiante, ferindo ao chegar."
G_EMBER,"Ember","Brasa"
G_EMBER_DESC,"Burn: damage over time.","Queima: dano contínuo."
G_FROST,"Frost","Geada"
G_FROST_DESC,"Chills; three stacks freeze.","Resfria; três acúmulos congelam."
G_STORM,"Storm","Tempestade"
G_STORM_DESC,"Electric arcs leap to nearby foes.","Arcos elétricos saltam para inimigos próximos."
G_VOID,"Void","Vazio"
G_VOID_DESC,"Mark: the target takes more damage from everyone and is pulled.","Marca: o alvo recebe mais dano de todos e é puxado."
G_VENOM,"Venom","Peçonha"
G_VENOM_DESC,"Poison that doubles in strength with each stack.","Veneno que dobra de força a cada acúmulo."
G_RADIANT,"Aurora","Aurora"
G_RADIANT_DESC,"Harms foes and heals allies it touches.","Fere inimigos e cura aliados atingidos."
G_SPLIT,"Split","Bifurcar"
G_SPLIT_DESC,"+2 copies in a fan (70% damage each).","+2 cópias em leque (70% de dano cada)."
G_ECHO,"Echo","Eco"
G_ECHO_DESC,"Recasts the clause shortly after at 60% power.","Reconjura a oração logo depois, com 60% do poder."
G_SEEK,"Seek","Buscar"
G_SEEK_DESC,"Projectiles home in on foes.","Projéteis perseguem inimigos."
G_PIERCE,"Pierce","Trespassar"
G_PIERCE_DESC,"Passes through +2 foes.","Atravessa +2 inimigos."
G_BOUNCE,"Ricochet","Ricochete"
G_BOUNCE_DESC,"Bounces off walls and between foes (+2).","Quica em paredes e salta entre inimigos (+2)."
G_GROW,"Magnify","Magnificar"
G_GROW_DESC,"Bigger and stronger, but slower.","Maior e mais forte, porém mais lento."
G_SWIFT,"Swiftness","Celeridade"
G_SWIFT_DESC,"Faster, with a shorter cooldown; slightly less damage.","Mais rápido e recarrega antes; dano levemente menor."
G_VOLATILE,"Volatile","Volátil"
G_VOLATILE_DESC,"Explodes when it ends or hits.","Explode ao terminar ou ao atingir."
G_LINGER,"Linger","Persistir"
G_LINGER_DESC,"Leaves an elemental zone on the ground.","Deixa uma zona elemental no chão."
G_TWIN,"Mirror","Espelho"
G_TWIN_DESC,"Also casts in the opposite direction.","Conjura também na direção oposta."
G_SPIRAL,"Spiral","Espiral"
G_SPIRAL_DESC,"Spiraling path; bursts release spiral wisps.","Trajetória em espiral; explosões soltam fagulhas espirais."
G_DELAY,"Suspend","Suspensão"
G_DELAY_DESC,"Hesitates half a second, then acts with +35% power.","Hesita meio segundo, então age com +35% de poder."
G_LEECH,"Siphon","Sifão"
G_LEECH_DESC,"Heals the caster with part of the damage dealt.","Cura o conjurador com parte do dano causado."
G_HEAVY,"Impact","Impacto"
G_HEAVY_DESC,"Knocks back much harder and briefly staggers.","Empurra muito mais e atordoa brevemente."
G_SHARPEN,"Sharpen","Aguçar"
G_SHARPEN_DESC,"+20% critical chance.","+20% de chance crítica."
G_MAGNET,"Attract","Atrair"
G_MAGNET_DESC,"Pulls foes toward the spell.","Puxa inimigos para o feitiço."
G_CHAIN,"Chain","Saltar"
G_CHAIN_DESC,"Each hit jumps to 2 more foes.","Cada acerto salta para mais 2 inimigos."
G_WARD,"Aegis","Égide"
G_WARD_DESC,"On cast, shields you and nearby allies.","Ao conjurar, protege você e aliados próximos com um escudo."
G_ON_HIT,"On Hit","Ao Tocar"
G_ON_HIT_DESC,"What follows is cast wherever the spell hits.","O que vem depois é conjurado onde o feitiço acerta."
G_ON_END,"On Fade","Ao Findar"
G_ON_END_DESC,"What follows is cast where the spell ends.","O que vem depois é conjurado onde o feitiço termina."
G_ON_KILL,"On Kill","Ao Abater"
G_ON_KILL_DESC,"What follows is cast on every foe it kills.","O que vem depois é conjurado sobre cada inimigo abatido."
G_PULSE,"Pulse","Ao Pulsar"
G_PULSE_DESC,"While it exists, the spell periodically casts what follows.","Enquanto existir, o feitiço conjura o que vem depois periodicamente."
G_THEN,"And Then","E Então"
G_THEN_DESC,"Casts what follows right after.","Conjura o que vem depois logo em seguida."
E_ARCANE,"Ink","Nanquim"
E_EMBER,"Ember","Brasa"
E_FROST,"Frost","Geada"
E_STORM,"Storm","Tempestade"
E_VOID,"Void","Vazio"
E_VENOM,"Venom","Peçonha"
E_RADIANT,"Aurora","Aurora"
E_STEAM,"Steam","Vapor"
E_PLASMA,"Plasma","Plasma"
E_BLACKFLAME,"Blackflame","Chama Negra"
E_BRIMSTONE,"Brimstone","Enxofre"
E_SOLAR,"Sun","Sol"
E_CRYSTAL,"Crystal","Cristal"
E_ENTROPY,"Entropy","Entropia"
E_MIASMA,"Miasma","Miasma"
E_PRISM,"Prism","Prisma"
E_RIFT,"Rift","Fenda"
E_NEUROTOXIN,"Neurotoxin","Neurotoxina"
E_JUDGEMENT,"Judgement","Juízo"
E_BLIGHT,"Blight","Praga"
E_ECLIPSE,"Eclipse","Eclipse"
E_SAP,"Sap","Seiva"
E_ARCANE_DESC,"Pure ink: +10% critical chance.","Tinta pura: +10% de chance crítica."
E_STEAM_DESC,"Scalding clouds burn and slow.","Nuvens escaldantes queimam e lentificam."
E_PLASMA_DESC,"Every hit sets off a small explosion.","Cada acerto provoca uma pequena explosão."
E_BLACKFLAME_DESC,"Flames jump to neighbours when a burning target dies.","Chamas saltam para vizinhos quando o alvo morre queimando."
E_BRIMSTONE_DESC,"Ignites poison stacks for explosive damage.","Consome veneno em combustão para dano explosivo."
E_SOLAR_DESC,"Burns foes, heals allies and sometimes dazzles.","Queima inimigos, cura aliados e às vezes ofusca."
E_CRYSTAL_DESC,"Shatters frozen targets for huge damage.","Estilhaça alvos congelados com dano enorme."
E_ENTROPY_DESC,"Marks and slows almost to a halt.","Marca e desacelera quase até parar."
E_MIASMA_DESC,"A cold, poisonous fog lingers on the ground.","Névoa gelada e venenosa permanece no chão."
E_PRISM_DESC,"Refracts into rays that seek other targets.","Refrata em raios que buscam outros alvos."
E_RIFT_DESC,"Implodes, pulling foes into each other.","Implode puxando inimigos uns contra os outros."
E_NEUROTOXIN_DESC,"Electric arcs spread poison.","Arcos elétricos espalham veneno."
E_JUDGEMENT_DESC,"A heavenly bolt strikes the target a moment later.","Um raio celeste cai sobre o alvo logo depois."
E_BLIGHT_DESC,"Poison spreads to nearby foes.","O veneno se alastra para inimigos próximos."
E_ECLIPSE_DESC,"Pulls inward, then bursts into light.","Puxa para dentro, então explode em luz."
E_SAP_DESC,"Poisons foes and leaves a healing field.","Envenena inimigos e deixa um campo de cura."
SPELL_BLANK,"Blank Page","Página em Branco"
SPELL_BLANK_SENTENCE,"Nothing is written here yet.","Nada foi escrito aqui ainda."
DEVICE_KBM,"Keyboard & Mouse","Teclado e Mouse"
DEVICE_KB2,"Keyboard (arrows)","Teclado (setas)"
DEVICE_PAD,"Controller","Controle"
